{
  "scene.lastopened": {
    "Value": "\u0022scenes/minimal.scene\u0022",
    "Timeout": 1730643717,
    "DeleteAt": 0
  },
  "scenes/minimal.scene.Viewport0": {
    "Value": "{\u0022CameraPosition\u0022:\u00221951.569,864.7844,1847.226\u0022,\u0022CameraRotation\u0022:\u00220.2883334,0.05766534,-0.9372321,0.1874421\u0022,\u0022CameraOrthoHeight\u0022:1000}",
    "Timeout": 1730643834,
    "DeleteAt": 0
  },
  "SceneView.Viewport0.Settings": {
    "Value": "{\u0022CameraPosition\u0022:\u00221951.569,864.7844,1847.226\u0022,\u0022CameraRotation\u0022:\u00220.2883334,0.05766534,-0.9372321,0.1874421\u0022,\u0022View\u0022:0,\u0022RenderMode\u0022:0,\u0022WireframeMode\u0022:false,\u0022EnablePostProcessing\u0022:true,\u0022ShowGrid\u0022:false,\u0022GridOpacity\u0022:0.2,\u0022GridAxis\u0022:0,\u0022CameraOrthoHeight\u0022:1000}",
    "Timeout": 1730643834,
    "DeleteAt": 0
  },
  ".Viewport0": {
    "Value": "{\u0022CameraPosition\u0022:\u0022-323.9019,735.9026,321.8464\u0022,\u0022CameraRotation\u0022:\u00220.06183893,0.09378368,-0.5469962,0.8295635\u0022,\u0022CameraOrthoHeight\u0022:1000}",
    "Timeout": 1730643833,
    "DeleteAt": 0
  },
  "SceneView.Layout": {
    "Value": "{\u0022Layout\u0022:0,\u0022SplitterState\u0022:[]}",
    "Timeout": 1730643833,
    "DeleteAt": 0
  },
  "gizmo.settings": {
    "Value": "{\u0022EditMode\u0022:\u0022position\u0022,\u0022Selection\u0022:true,\u0022ViewMode\u0022:\u00223d\u0022,\u0022GizmosEnabled\u0022:true,\u0022GizmoScale\u0022:1,\u0022GridSpacing\u0022:32,\u0022SnapToGrid\u0022:false,\u0022SnapToAngles\u0022:true,\u0022AngleSpacing\u0022:15,\u0022GlobalSpace\u0022:false,\u0022DebugActionGraphs\u0022:false}",
    "Timeout": 1730643717,
    "DeleteAt": 0
  },
  "expand.1e8ba1c3-1a5b-4bb2-912d-e7873103e235.MyComponent": {
    "Value": "false",
    "Timeout": 1730586699,
    "DeleteAt": 0
  }
}